{
  "metrics_summary": {
    "emotional_intensity": {
      "mean": 0.49010844898626255,
      "min": 0.0017258073986963218,
      "max": 0.998549675958009,
      "count": 1000
    },
    "group_cohesion": {
      "mean": 0.4933246551621128,
      "min": 0.0009208112968426274,
      "max": 0.9997528739826443,
      "count": 1000
    },
    "interaction_count": {
      "mean": 4.996,
      "min": 0,
      "max": 10,
      "count": 1000
    }
  },
  "event_counts": {
    "step_completed": 1000
  },
  "timestamp": "2024-11-09T10:52:57.482646"
}