{
  "metrics_summary": {
    "emotional_intensity": {
      "mean": 0.505400272040901,
      "min": 0.004375151104662578,
      "max": 0.9999630210403753,
      "count": 1000
    },
    "group_cohesion": {
      "mean": 0.4865549798591056,
      "min": 4.063840597623436e-05,
      "max": 0.9994319867999009,
      "count": 1000
    },
    "interaction_count": {
      "mean": 4.918,
      "min": 0,
      "max": 10,
      "count": 1000
    }
  },
  "event_counts": {
    "step_completed": 1000
  },
  "timestamp": "2024-11-09T09:18:13.950414"
}